timeStamp,elapsed,label,responseCode,responseMessage,threadName,dataType,success,failureMessage,bytes,sentBytes,grpThreads,allThreads,URL,Latency,IdleTime,Connect
1674479803002,1312,HomePage,200,OK,Thread Group 1-1,text,true,,4976,236,4,4,https://blazedemo.com/,681,0,343
1674479803002,681,HomePage-0,302,Found,Thread Group 1-1,text,true,,219,118,4,4,http://blazedemo.com/,681,0,343
1674479803685,629,HomePage-1,200,OK,Thread Group 1-1,text,true,,4757,118,4,4,https://blazedemo.com/,623,0,230
1674479803402,999,HomePage,200,OK,Thread Group 1-2,text,true,,4976,236,4,4,https://blazedemo.com/,422,0,20
1674479803402,422,HomePage-0,302,Found,Thread Group 1-2,text,true,,219,118,4,4,http://blazedemo.com/,422,0,20
1674479803825,576,HomePage-1,200,OK,Thread Group 1-2,text,true,,4757,118,4,4,https://blazedemo.com/,575,0,154
1674479803802,977,HomePage,200,OK,Thread Group 1-3,text,true,,4976,236,5,5,https://blazedemo.com/,291,0,19
1674479803802,291,HomePage-0,302,Found,Thread Group 1-3,text,true,,219,118,5,5,http://blazedemo.com/,291,0,19
1674479804094,685,HomePage-1,200,OK,Thread Group 1-3,text,true,,4757,118,5,5,https://blazedemo.com/,685,0,307
1674479804315,700,LoginPage,200,OK,Thread Group 1-1,text,true,,5966,246,5,5,https://blazedemo.com/login,290,0,0
1674479804315,290,LoginPage-0,302,Found,Thread Group 1-1,text,true,,224,123,5,5,http://blazedemo.com/login,290,0,0
1674479804605,410,LoginPage-1,200,OK,Thread Group 1-1,text,true,,5742,123,5,5,https://blazedemo.com/login,410,0,0
1674479804201,1044,HomePage,200,OK,Thread Group 1-4,text,true,,4976,236,5,5,https://blazedemo.com/,404,0,97
1674479804201,404,HomePage-0,302,Found,Thread Group 1-4,text,true,,219,118,5,5,http://blazedemo.com/,404,0,97
1674479804606,639,HomePage-1,200,OK,Thread Group 1-4,text,true,,4757,118,5,5,https://blazedemo.com/,633,0,173
1674479804401,921,LoginPage,200,OK,Thread Group 1-2,text,true,,5968,246,5,5,https://blazedemo.com/login,406,0,0
1674479804401,406,LoginPage-0,302,Found,Thread Group 1-2,text,true,,224,123,5,5,http://blazedemo.com/login,406,0,0
1674479804807,515,LoginPage-1,200,OK,Thread Group 1-2,text,true,,5744,123,5,5,https://blazedemo.com/login,515,0,0
1674479804601,919,HomePage,200,OK,Thread Group 1-5,text,true,,4976,236,5,5,https://blazedemo.com/,311,0,20
1674479804601,311,HomePage-0,302,Found,Thread Group 1-5,text,true,,219,118,5,5,http://blazedemo.com/,311,0,20
1674479804914,606,HomePage-1,200,OK,Thread Group 1-5,text,true,,4757,118,5,5,https://blazedemo.com/,606,0,164
1674479804779,812,LoginPage,200,OK,Thread Group 1-3,text,true,,5958,246,5,5,https://blazedemo.com/login,253,0,0
1674479804779,253,LoginPage-0,302,Found,Thread Group 1-3,text,true,,224,123,5,5,http://blazedemo.com/login,253,0,0
1674479805032,559,LoginPage-1,200,OK,Thread Group 1-3,text,true,,5734,123,5,5,https://blazedemo.com/login,546,0,0
1674479805015,785,RegisterPage,200,OK,Thread Group 1-1,text,true,,6571,252,5,5,https://blazedemo.com/register,307,0,0
1674479805015,307,RegisterPage-0,302,Found,Thread Group 1-1,text,true,,227,126,5,5,http://blazedemo.com/register,307,0,0
1674479805322,478,RegisterPage-1,200,OK,Thread Group 1-1,text,true,,6344,126,5,5,https://blazedemo.com/register,465,0,0
1674479805245,766,LoginPage,200,OK,Thread Group 1-4,text,true,,5972,246,5,5,https://blazedemo.com/login,275,0,0
1674479805245,275,LoginPage-0,302,Found,Thread Group 1-4,text,true,,224,123,5,5,http://blazedemo.com/login,275,0,0
1674479805520,491,LoginPage-1,200,OK,Thread Group 1-4,text,true,,5748,123,5,5,https://blazedemo.com/login,478,0,0
1674479805322,787,RegisterPage,200,OK,Thread Group 1-2,text,true,,6569,252,5,5,https://blazedemo.com/register,259,0,0
1674479805322,259,RegisterPage-0,302,Found,Thread Group 1-2,text,true,,227,126,5,5,http://blazedemo.com/register,259,0,0
1674479805582,527,RegisterPage-1,200,OK,Thread Group 1-2,text,true,,6342,126,5,5,https://blazedemo.com/register,502,0,0
1674479805520,846,LoginPage,200,OK,Thread Group 1-5,text,true,,5974,246,5,5,https://blazedemo.com/login,267,0,0
1674479805520,267,LoginPage-0,302,Found,Thread Group 1-5,text,true,,224,123,5,5,http://blazedemo.com/login,267,0,0
1674479805787,579,LoginPage-1,200,OK,Thread Group 1-5,text,true,,5750,123,5,5,https://blazedemo.com/login,572,0,0
1674479805592,784,RegisterPage,200,OK,Thread Group 1-3,text,true,,6575,252,5,5,https://blazedemo.com/register,258,0,0
1674479805592,258,RegisterPage-0,302,Found,Thread Group 1-3,text,true,,227,126,5,5,http://blazedemo.com/register,258,0,0
1674479805850,526,RegisterPage-1,200,OK,Thread Group 1-3,text,true,,6348,126,5,5,https://blazedemo.com/register,499,0,0
1674479805800,679,HomePage,200,OK,Thread Group 1-1,text,true,,4976,236,5,5,https://blazedemo.com/,258,0,0
1674479805800,258,HomePage-0,302,Found,Thread Group 1-1,text,true,,219,118,5,5,http://blazedemo.com/,258,0,0
1674479806058,421,HomePage-1,200,OK,Thread Group 1-1,text,true,,4757,118,5,5,https://blazedemo.com/,418,0,0
1674479806011,700,RegisterPage,200,OK,Thread Group 1-4,text,true,,6571,252,5,5,https://blazedemo.com/register,257,0,0
1674479806011,257,RegisterPage-0,302,Found,Thread Group 1-4,text,true,,227,126,5,5,http://blazedemo.com/register,257,0,0
1674479806268,443,RegisterPage-1,200,OK,Thread Group 1-4,text,true,,6344,126,5,5,https://blazedemo.com/register,433,0,0
1674479806376,652,HomePage,200,OK,Thread Group 1-3,text,true,,4976,236,5,5,https://blazedemo.com/,259,0,0
1674479806376,259,HomePage-0,302,Found,Thread Group 1-3,text,true,,219,118,5,5,http://blazedemo.com/,259,0,0
1674479806635,393,HomePage-1,200,OK,Thread Group 1-3,text,true,,4757,118,5,5,https://blazedemo.com/,380,0,0
1674479806366,678,RegisterPage,200,OK,Thread Group 1-5,text,true,,6573,252,5,5,https://blazedemo.com/register,259,0,0
1674479806366,259,RegisterPage-0,302,Found,Thread Group 1-5,text,true,,227,126,5,5,http://blazedemo.com/register,259,0,0
1674479806625,419,RegisterPage-1,200,OK,Thread Group 1-5,text,true,,6346,126,5,5,https://blazedemo.com/register,394,0,0
1674479806110,938,HomePage,200,OK,Thread Group 1-2,text,true,,4976,236,5,5,https://blazedemo.com/,253,0,0
1674479806110,253,HomePage-0,302,Found,Thread Group 1-2,text,true,,219,118,5,5,http://blazedemo.com/,253,0,0
1674479806363,685,HomePage-1,200,OK,Thread Group 1-2,text,true,,4757,118,5,5,https://blazedemo.com/,675,0,0
1674479806480,609,LoginPage,200,OK,Thread Group 1-1,text,true,,5974,246,5,5,https://blazedemo.com/login,250,0,0
1674479806480,250,LoginPage-0,302,Found,Thread Group 1-1,text,true,,224,123,5,5,http://blazedemo.com/login,250,0,0
1674479806730,359,LoginPage-1,200,OK,Thread Group 1-1,text,true,,5750,123,5,5,https://blazedemo.com/login,356,0,0
1674479806711,615,HomePage,200,OK,Thread Group 1-4,text,true,,4976,236,5,5,https://blazedemo.com/,263,0,0
1674479806711,263,HomePage-0,302,Found,Thread Group 1-4,text,true,,219,118,5,5,http://blazedemo.com/,263,0,0
1674479806974,352,HomePage-1,200,OK,Thread Group 1-4,text,true,,4757,118,5,5,https://blazedemo.com/,349,0,0
1674479807045,607,HomePage,200,OK,Thread Group 1-5,text,true,,4976,236,5,5,https://blazedemo.com/,261,0,0
1674479807029,623,LoginPage,200,OK,Thread Group 1-3,text,true,,5970,246,5,5,https://blazedemo.com/login,253,0,0
1674479807045,261,HomePage-0,302,Found,Thread Group 1-5,text,true,,219,118,5,5,http://blazedemo.com/,261,0,0
1674479807306,346,HomePage-1,200,OK,Thread Group 1-5,text,true,,4757,118,5,5,https://blazedemo.com/,336,0,0
1674479807029,253,LoginPage-0,302,Found,Thread Group 1-3,text,true,,224,123,5,5,http://blazedemo.com/login,253,0,0
1674479807282,370,LoginPage-1,200,OK,Thread Group 1-3,text,true,,5746,123,5,5,https://blazedemo.com/login,363,0,0
1674479807089,707,RegisterPage,200,OK,Thread Group 1-1,text,true,,6563,252,5,5,https://blazedemo.com/register,246,0,0
1674479807089,246,RegisterPage-0,302,Found,Thread Group 1-1,text,true,,227,126,5,5,http://blazedemo.com/register,246,0,0
1674479807335,461,RegisterPage-1,200,OK,Thread Group 1-1,text,true,,6336,126,5,5,https://blazedemo.com/register,446,0,0
1674479807048,916,LoginPage,200,OK,Thread Group 1-2,text,true,,5970,246,4,4,https://blazedemo.com/login,474,0,0
1674479807048,474,LoginPage-0,302,Found,Thread Group 1-2,text,true,,224,123,4,4,http://blazedemo.com/login,474,0,0
1674479807522,442,LoginPage-1,200,OK,Thread Group 1-2,text,true,,5746,123,4,4,https://blazedemo.com/login,436,0,0
1674479807326,800,LoginPage,200,OK,Thread Group 1-4,text,true,,5970,246,4,4,https://blazedemo.com/login,248,0,0
1674479807326,248,LoginPage-0,302,Found,Thread Group 1-4,text,true,,224,123,4,4,http://blazedemo.com/login,248,0,0
1674479807575,551,LoginPage-1,200,OK,Thread Group 1-4,text,true,,5746,123,4,4,https://blazedemo.com/login,538,0,0
1674479807652,667,LoginPage,200,OK,Thread Group 1-5,text,true,,5966,246,4,4,https://blazedemo.com/login,256,0,0
1674479807652,256,LoginPage-0,302,Found,Thread Group 1-5,text,true,,224,123,4,4,http://blazedemo.com/login,256,0,0
1674479807908,411,LoginPage-1,200,OK,Thread Group 1-5,text,true,,5742,123,4,4,https://blazedemo.com/login,402,0,0
1674479807652,806,RegisterPage,200,OK,Thread Group 1-3,text,true,,6569,252,4,4,https://blazedemo.com/register,253,0,0
1674479807652,253,RegisterPage-0,302,Found,Thread Group 1-3,text,true,,227,126,4,4,http://blazedemo.com/register,253,0,0
1674479807905,553,RegisterPage-1,200,OK,Thread Group 1-3,text,true,,6342,126,4,4,https://blazedemo.com/register,544,0,0
1674479807965,670,RegisterPage,200,OK,Thread Group 1-2,text,true,,6575,252,3,3,https://blazedemo.com/register,247,0,0
1674479807965,247,RegisterPage-0,302,Found,Thread Group 1-2,text,true,,227,126,3,3,http://blazedemo.com/register,247,0,0
1674479808212,423,RegisterPage-1,200,OK,Thread Group 1-2,text,true,,6348,126,3,3,https://blazedemo.com/register,400,0,0
1674479808126,677,RegisterPage,200,OK,Thread Group 1-4,text,true,,6573,252,2,2,https://blazedemo.com/register,256,0,0
1674479808126,256,RegisterPage-0,302,Found,Thread Group 1-4,text,true,,227,126,2,2,http://blazedemo.com/register,256,0,0
1674479808382,421,RegisterPage-1,200,OK,Thread Group 1-4,text,true,,6346,126,2,2,https://blazedemo.com/register,392,0,0
1674479808320,705,RegisterPage,200,OK,Thread Group 1-5,text,true,,6571,252,1,1,https://blazedemo.com/register,299,0,0
1674479808320,299,RegisterPage-0,302,Found,Thread Group 1-5,text,true,,227,126,1,1,http://blazedemo.com/register,299,0,0
1674479808619,406,RegisterPage-1,200,OK,Thread Group 1-5,text,true,,6344,126,1,1,https://blazedemo.com/register,380,0,0
1674479832873,1218,HomePage,200,OK,Thread Group 1-1,text,true,,4976,236,4,4,https://blazedemo.com/,302,0,22
1674479832873,302,HomePage-0,302,Found,Thread Group 1-1,text,true,,219,118,4,4,http://blazedemo.com/,302,0,22
1674479833176,915,HomePage-1,200,OK,Thread Group 1-1,text,true,,4757,118,4,4,https://blazedemo.com/,915,0,413
1674479833273,1421,HomePage,200,OK,Thread Group 1-2,text,true,,4976,236,5,5,https://blazedemo.com/,318,0,20
1674479833273,318,HomePage-0,302,Found,Thread Group 1-2,text,true,,219,118,5,5,http://blazedemo.com/,318,0,20
1674479833592,1102,HomePage-1,200,OK,Thread Group 1-2,text,true,,4757,118,5,5,https://blazedemo.com/,1102,0,705
1674479834091,825,LoginPage,200,OK,Thread Group 1-1,text,true,,5968,246,5,5,https://blazedemo.com/login,313,0,0
1674479834091,313,LoginPage-0,302,Found,Thread Group 1-1,text,true,,224,123,5,5,http://blazedemo.com/login,313,0,0
1674479834404,512,LoginPage-1,200,OK,Thread Group 1-1,text,true,,5744,123,5,5,https://blazedemo.com/login,512,0,0
1674479833673,1345,HomePage,200,OK,Thread Group 1-3,text,true,,4976,236,5,5,https://blazedemo.com/,623,0,316
1674479833673,623,HomePage-0,302,Found,Thread Group 1-3,text,true,,219,118,5,5,http://blazedemo.com/,623,0,316
1674479834297,721,HomePage-1,200,OK,Thread Group 1-3,text,true,,4757,118,5,5,https://blazedemo.com/,721,0,184
1674479834072,1005,HomePage,200,OK,Thread Group 1-4,text,true,,4976,236,5,5,https://blazedemo.com/,409,0,126
1674479834072,409,HomePage-0,302,Found,Thread Group 1-4,text,true,,219,118,5,5,http://blazedemo.com/,409,0,126
1674479834482,595,HomePage-1,200,OK,Thread Group 1-4,text,true,,4757,118,5,5,https://blazedemo.com/,584,0,213
1674479834695,835,LoginPage,200,OK,Thread Group 1-2,text,true,,5966,246,5,5,https://blazedemo.com/login,323,0,0
1674479834695,323,LoginPage-0,302,Found,Thread Group 1-2,text,true,,224,123,5,5,http://blazedemo.com/login,323,0,0
1674479835018,512,LoginPage-1,200,OK,Thread Group 1-2,text,true,,5742,123,5,5,https://blazedemo.com/login,505,0,0
1674479834473,1075,HomePage,200,OK,Thread Group 1-5,text,true,,4976,236,5,5,https://blazedemo.com/,273,0,21
1674479834473,273,HomePage-0,302,Found,Thread Group 1-5,text,true,,219,118,5,5,http://blazedemo.com/,273,0,21
1674479834747,801,HomePage-1,200,OK,Thread Group 1-5,text,true,,4757,118,5,5,https://blazedemo.com/,791,0,271
1674479834916,788,RegisterPage,200,OK,Thread Group 1-1,text,true,,6573,252,5,5,https://blazedemo.com/register,307,0,0
1674479834916,307,RegisterPage-0,302,Found,Thread Group 1-1,text,true,,227,126,5,5,http://blazedemo.com/register,307,0,0
1674479835223,481,RegisterPage-1,200,OK,Thread Group 1-1,text,true,,6346,126,5,5,https://blazedemo.com/register,468,0,0
1674479835077,748,LoginPage,200,OK,Thread Group 1-4,text,true,,5968,246,5,5,https://blazedemo.com/login,262,0,0
1674479835077,262,LoginPage-0,302,Found,Thread Group 1-4,text,true,,224,123,5,5,http://blazedemo.com/login,262,0,0
1674479835339,486,LoginPage-1,200,OK,Thread Group 1-4,text,true,,5744,123,5,5,https://blazedemo.com/login,473,0,0
1674479835018,870,LoginPage,200,OK,Thread Group 1-3,text,true,,5958,246,5,5,https://blazedemo.com/login,307,0,0
1674479835018,307,LoginPage-0,302,Found,Thread Group 1-3,text,true,,224,123,5,5,http://blazedemo.com/login,307,0,0
1674479835325,563,LoginPage-1,200,OK,Thread Group 1-3,text,true,,5734,123,5,5,https://blazedemo.com/login,560,0,0
1674479835530,638,RegisterPage,200,OK,Thread Group 1-2,text,true,,6577,252,5,5,https://blazedemo.com/register,253,0,0
1674479835530,253,RegisterPage-0,302,Found,Thread Group 1-2,text,true,,227,126,5,5,http://blazedemo.com/register,253,0,0
1674479835783,385,RegisterPage-1,200,OK,Thread Group 1-2,text,true,,6350,126,5,5,https://blazedemo.com/register,361,0,0
1674479835549,721,LoginPage,200,OK,Thread Group 1-5,text,true,,5962,246,5,5,https://blazedemo.com/login,255,0,0
1674479835549,255,LoginPage-0,302,Found,Thread Group 1-5,text,true,,224,123,5,5,http://blazedemo.com/login,255,0,0
1674479835804,466,LoginPage-1,200,OK,Thread Group 1-5,text,true,,5738,123,5,5,https://blazedemo.com/login,456,0,0
1674479835704,632,HomePage,200,OK,Thread Group 1-1,text,true,,4976,236,5,5,https://blazedemo.com/,259,0,0
1674479835704,259,HomePage-0,302,Found,Thread Group 1-1,text,true,,219,118,5,5,http://blazedemo.com/,259,0,0
1674479835963,373,HomePage-1,200,OK,Thread Group 1-1,text,true,,4757,118,5,5,https://blazedemo.com/,364,0,0
1674479835889,740,RegisterPage,200,OK,Thread Group 1-3,text,true,,6563,252,5,5,https://blazedemo.com/register,255,0,0
1674479835826,803,RegisterPage,200,OK,Thread Group 1-4,text,true,,6583,252,5,5,https://blazedemo.com/register,249,0,0
1674479835889,255,RegisterPage-0,302,Found,Thread Group 1-3,text,true,,227,126,5,5,http://blazedemo.com/register,255,0,0
1674479835826,249,RegisterPage-0,302,Found,Thread Group 1-4,text,true,,227,126,5,5,http://blazedemo.com/register,249,0,0
1674479836144,485,RegisterPage-1,200,OK,Thread Group 1-3,text,true,,6336,126,5,5,https://blazedemo.com/register,482,0,0
1674479836075,554,RegisterPage-1,200,OK,Thread Group 1-4,text,true,,6356,126,5,5,https://blazedemo.com/register,521,0,0
1674479836168,629,HomePage,200,OK,Thread Group 1-2,text,true,,4976,236,5,5,https://blazedemo.com/,257,0,0
1674479836168,257,HomePage-0,302,Found,Thread Group 1-2,text,true,,219,118,5,5,http://blazedemo.com/,257,0,0
1674479836425,372,HomePage-1,200,OK,Thread Group 1-2,text,true,,4757,118,5,5,https://blazedemo.com/,362,0,0
1674479836270,792,RegisterPage,200,OK,Thread Group 1-5,text,true,,6567,252,5,5,https://blazedemo.com/register,244,0,0
1674479836270,244,RegisterPage-0,302,Found,Thread Group 1-5,text,true,,227,126,5,5,http://blazedemo.com/register,244,0,0
1674479836514,548,RegisterPage-1,200,OK,Thread Group 1-5,text,true,,6340,126,5,5,https://blazedemo.com/register,516,0,0
1674479836337,790,LoginPage,200,OK,Thread Group 1-1,text,true,,5972,246,5,5,https://blazedemo.com/login,242,0,0
1674479836337,242,LoginPage-0,302,Found,Thread Group 1-1,text,true,,224,123,5,5,http://blazedemo.com/login,242,0,0
1674479836579,548,LoginPage-1,200,OK,Thread Group 1-1,text,true,,5748,123,5,5,https://blazedemo.com/login,544,0,0
1674479836630,630,HomePage,200,OK,Thread Group 1-3,text,true,,4976,236,5,5,https://blazedemo.com/,250,0,0
1674479836630,250,HomePage-0,302,Found,Thread Group 1-3,text,true,,219,118,5,5,http://blazedemo.com/,250,0,0
1674479836880,380,HomePage-1,200,OK,Thread Group 1-3,text,true,,4757,118,5,5,https://blazedemo.com/,377,0,0
1674479836630,666,HomePage,200,OK,Thread Group 1-4,text,true,,4976,236,5,5,https://blazedemo.com/,257,0,0
1674479836630,257,HomePage-0,302,Found,Thread Group 1-4,text,true,,219,118,5,5,http://blazedemo.com/,257,0,0
1674479836887,409,HomePage-1,200,OK,Thread Group 1-4,text,true,,4757,118,5,5,https://blazedemo.com/,400,0,0
1674479836797,642,LoginPage,200,OK,Thread Group 1-2,text,true,,5962,246,5,5,https://blazedemo.com/login,250,0,0
1674479836797,250,LoginPage-0,302,Found,Thread Group 1-2,text,true,,224,123,5,5,http://blazedemo.com/login,250,0,0
1674479837047,392,LoginPage-1,200,OK,Thread Group 1-2,text,true,,5738,123,5,5,https://blazedemo.com/login,386,0,0
1674479837063,686,HomePage,200,OK,Thread Group 1-5,text,true,,4976,236,5,5,https://blazedemo.com/,258,0,0
1674479837063,258,HomePage-0,302,Found,Thread Group 1-5,text,true,,219,118,5,5,http://blazedemo.com/,258,0,0
1674479837321,428,HomePage-1,200,OK,Thread Group 1-5,text,true,,4757,118,5,5,https://blazedemo.com/,421,0,0
1674479837127,700,RegisterPage,200,OK,Thread Group 1-1,text,true,,6571,252,5,5,https://blazedemo.com/register,246,0,0
1674479837127,246,RegisterPage-0,302,Found,Thread Group 1-1,text,true,,227,126,5,5,http://blazedemo.com/register,246,0,0
1674479837373,454,RegisterPage-1,200,OK,Thread Group 1-1,text,true,,6344,126,5,5,https://blazedemo.com/register,441,0,0
1674479837261,669,LoginPage,200,OK,Thread Group 1-3,text,true,,5974,246,4,4,https://blazedemo.com/login,250,0,0
1674479837261,250,LoginPage-0,302,Found,Thread Group 1-3,text,true,,224,123,4,4,http://blazedemo.com/login,250,0,0
1674479837512,418,LoginPage-1,200,OK,Thread Group 1-3,text,true,,5750,123,4,4,https://blazedemo.com/login,411,0,0
1674479837296,637,LoginPage,200,OK,Thread Group 1-4,text,true,,5962,246,4,4,https://blazedemo.com/login,249,0,0
1674479837296,249,LoginPage-0,302,Found,Thread Group 1-4,text,true,,224,123,4,4,http://blazedemo.com/login,249,0,0
1674479837545,388,LoginPage-1,200,OK,Thread Group 1-4,text,true,,5738,123,4,4,https://blazedemo.com/login,385,0,0
1674479837439,869,RegisterPage,200,OK,Thread Group 1-2,text,true,,6569,252,4,4,https://blazedemo.com/register,484,0,0
1674479837439,484,RegisterPage-0,302,Found,Thread Group 1-2,text,true,,227,126,4,4,http://blazedemo.com/register,484,0,0
1674479837923,385,RegisterPage-1,200,OK,Thread Group 1-2,text,true,,6342,126,4,4,https://blazedemo.com/register,378,0,0
1674479837749,661,LoginPage,200,OK,Thread Group 1-5,text,true,,5966,246,3,3,https://blazedemo.com/login,252,0,0
1674479837749,252,LoginPage-0,302,Found,Thread Group 1-5,text,true,,224,123,3,3,http://blazedemo.com/login,252,0,0
1674479838001,409,LoginPage-1,200,OK,Thread Group 1-5,text,true,,5742,123,3,3,https://blazedemo.com/login,402,0,0
1674479837933,612,RegisterPage,200,OK,Thread Group 1-4,text,true,,6571,252,3,3,https://blazedemo.com/register,259,0,0
1674479837933,259,RegisterPage-0,302,Found,Thread Group 1-4,text,true,,227,126,3,3,http://blazedemo.com/register,259,0,0
1674479838192,353,RegisterPage-1,200,OK,Thread Group 1-4,text,true,,6344,126,3,3,https://blazedemo.com/register,343,0,0
1674479837930,718,RegisterPage,200,OK,Thread Group 1-3,text,true,,6581,252,2,2,https://blazedemo.com/register,251,0,0
1674479837930,251,RegisterPage-0,302,Found,Thread Group 1-3,text,true,,227,126,2,2,http://blazedemo.com/register,251,0,0
1674479838181,467,RegisterPage-1,200,OK,Thread Group 1-3,text,true,,6354,126,2,2,https://blazedemo.com/register,454,0,0
1674479838410,778,RegisterPage,200,OK,Thread Group 1-5,text,true,,6569,252,1,1,https://blazedemo.com/register,251,0,0
1674479838410,251,RegisterPage-0,302,Found,Thread Group 1-5,text,true,,227,126,1,1,http://blazedemo.com/register,251,0,0
1674479838661,527,RegisterPage-1,200,OK,Thread Group 1-5,text,true,,6342,126,1,1,https://blazedemo.com/register,524,0,0
1674480978653,1171,HomePage,200,OK,Thread Group 1-2,text,true,,4976,236,4,4,https://blazedemo.com/,415,0,143
1674480978330,1495,HomePage,200,OK,Thread Group 1-1,text,true,,4976,236,4,4,https://blazedemo.com/,975,0,466
1674480978653,423,HomePage-0,302,Found,Thread Group 1-2,text,true,,219,118,4,4,http://blazedemo.com/,415,0,143
1674480979078,746,HomePage-1,200,OK,Thread Group 1-2,text,true,,4757,118,4,4,https://blazedemo.com/,744,0,197
1674480978330,975,HomePage-0,302,Found,Thread Group 1-1,text,true,,219,118,4,4,http://blazedemo.com/,975,0,466
1674480979307,518,HomePage-1,200,OK,Thread Group 1-1,text,true,,4757,118,4,4,https://blazedemo.com/,516,0,168
1674480979053,1187,HomePage,200,OK,Thread Group 1-3,text,true,,4976,236,5,5,https://blazedemo.com/,442,0,21
1674480979053,442,HomePage-0,302,Found,Thread Group 1-3,text,true,,219,118,5,5,http://blazedemo.com/,442,0,21
1674480979497,743,HomePage-1,200,OK,Thread Group 1-3,text,true,,4757,118,5,5,https://blazedemo.com/,737,0,187
1674480979832,809,LoginPage,200,OK,Thread Group 1-2,text,true,,5970,246,5,5,https://blazedemo.com/login,275,0,0
1674480979832,275,LoginPage-0,302,Found,Thread Group 1-2,text,true,,228,123,5,5,http://blazedemo.com/login,275,0,0
1674480980107,534,LoginPage-1,200,OK,Thread Group 1-2,text,true,,5742,123,5,5,https://blazedemo.com/login,533,0,0
1674480979453,1197,HomePage,200,OK,Thread Group 1-4,text,true,,4976,236,5,5,https://blazedemo.com/,367,0,25
1674480979453,367,HomePage-0,302,Found,Thread Group 1-4,text,true,,219,118,5,5,http://blazedemo.com/,367,0,25
1674480979822,828,HomePage-1,200,OK,Thread Group 1-4,text,true,,4757,118,5,5,https://blazedemo.com/,821,0,285
1674480979854,1094,HomePage,200,OK,Thread Group 1-5,text,true,,4976,236,5,5,https://blazedemo.com/,376,0,23
1674480979854,376,HomePage-0,302,Found,Thread Group 1-5,text,true,,219,118,5,5,http://blazedemo.com/,376,0,23
1674480980232,716,HomePage-1,200,OK,Thread Group 1-5,text,true,,4757,118,5,5,https://blazedemo.com/,715,0,285
1674480980241,809,LoginPage,200,OK,Thread Group 1-3,text,true,,5970,246,5,5,https://blazedemo.com/login,276,0,0
1674480980241,276,LoginPage-0,302,Found,Thread Group 1-3,text,true,,224,123,5,5,http://blazedemo.com/login,276,0,0
1674480980517,533,LoginPage-1,200,OK,Thread Group 1-3,text,true,,5746,123,5,5,https://blazedemo.com/login,532,0,0
1674480979832,1320,LoginPage,200,OK,Thread Group 1-1,text,true,,5972,246,5,5,https://blazedemo.com/login,500,0,0
1674480979832,500,LoginPage-0,302,Found,Thread Group 1-1,text,true,,224,123,5,5,http://blazedemo.com/login,500,0,0
1674480980332,820,LoginPage-1,200,OK,Thread Group 1-1,text,true,,5748,123,5,5,https://blazedemo.com/login,820,0,0
1674480980642,800,RegisterPage,200,OK,Thread Group 1-2,text,true,,6573,252,5,5,https://blazedemo.com/register,305,0,0
1674480980642,305,RegisterPage-0,302,Found,Thread Group 1-2,text,true,,227,126,5,5,http://blazedemo.com/register,305,0,0
1674480980947,495,RegisterPage-1,200,OK,Thread Group 1-2,text,true,,6346,126,5,5,https://blazedemo.com/register,485,0,0
1674480980651,825,LoginPage,200,OK,Thread Group 1-4,text,true,,5964,246,5,5,https://blazedemo.com/login,296,0,0
1674480980651,296,LoginPage-0,302,Found,Thread Group 1-4,text,true,,224,123,5,5,http://blazedemo.com/login,296,0,0
1674480980947,529,LoginPage-1,200,OK,Thread Group 1-4,text,true,,5740,123,5,5,https://blazedemo.com/login,522,0,0
1674480980949,858,LoginPage,200,OK,Thread Group 1-5,text,true,,5978,246,5,5,https://blazedemo.com/login,305,0,0
1674480980949,305,LoginPage-0,302,Found,Thread Group 1-5,text,true,,224,123,5,5,http://blazedemo.com/login,305,0,0
1674480981254,553,LoginPage-1,200,OK,Thread Group 1-5,text,true,,5754,123,5,5,https://blazedemo.com/login,546,0,0
1674480981153,660,RegisterPage,200,OK,Thread Group 1-1,text,true,,6571,252,5,5,https://blazedemo.com/register,254,0,0
1674480981153,254,RegisterPage-0,302,Found,Thread Group 1-1,text,true,,227,126,5,5,http://blazedemo.com/register,254,0,0
1674480981407,406,RegisterPage-1,200,OK,Thread Group 1-1,text,true,,6344,126,5,5,https://blazedemo.com/register,397,0,0
1674480981051,858,RegisterPage,200,OK,Thread Group 1-3,text,true,,6565,252,5,5,https://blazedemo.com/register,311,0,0
1674480981051,311,RegisterPage-0,302,Found,Thread Group 1-3,text,true,,227,126,5,5,http://blazedemo.com/register,311,0,0
1674480981363,546,RegisterPage-1,200,OK,Thread Group 1-3,text,true,,6338,126,5,5,https://blazedemo.com/register,524,0,0
1674480981443,623,HomePage,200,OK,Thread Group 1-2,text,true,,4976,236,5,5,https://blazedemo.com/,275,0,0
1674480981443,275,HomePage-0,302,Found,Thread Group 1-2,text,true,,219,118,5,5,http://blazedemo.com/,275,0,0
1674480981718,348,HomePage-1,200,OK,Thread Group 1-2,text,true,,4757,118,5,5,https://blazedemo.com/,342,0,0
1674480981476,624,RegisterPage,200,OK,Thread Group 1-4,text,true,,6579,252,5,5,https://blazedemo.com/register,260,0,0
1674480981476,260,RegisterPage-0,302,Found,Thread Group 1-4,text,true,,227,126,5,5,http://blazedemo.com/register,260,0,0
1674480981736,364,RegisterPage-1,200,OK,Thread Group 1-4,text,true,,6352,126,5,5,https://blazedemo.com/register,357,0,0
1674480981807,641,RegisterPage,200,OK,Thread Group 1-5,text,true,,6573,252,5,5,https://blazedemo.com/register,275,0,0
1674480981807,275,RegisterPage-0,302,Found,Thread Group 1-5,text,true,,227,126,5,5,http://blazedemo.com/register,275,0,0
1674480982083,365,RegisterPage-1,200,OK,Thread Group 1-5,text,true,,6346,126,5,5,https://blazedemo.com/register,355,0,0
1674480981910,685,HomePage,200,OK,Thread Group 1-3,text,true,,4976,236,5,5,https://blazedemo.com/,265,0,0
1674480981910,265,HomePage-0,302,Found,Thread Group 1-3,text,true,,219,118,5,5,http://blazedemo.com/,265,0,0
1674480982175,420,HomePage-1,200,OK,Thread Group 1-3,text,true,,4757,118,5,5,https://blazedemo.com/,417,0,0
1674480981814,847,HomePage,200,OK,Thread Group 1-1,text,true,,4976,236,5,5,https://blazedemo.com/,265,0,0
1674480981814,265,HomePage-0,302,Found,Thread Group 1-1,text,true,,219,118,5,5,http://blazedemo.com/,265,0,0
1674480982079,582,HomePage-1,200,OK,Thread Group 1-1,text,true,,4757,118,5,5,https://blazedemo.com/,573,0,0
1674480982100,665,HomePage,200,OK,Thread Group 1-4,text,true,,4976,236,5,5,https://blazedemo.com/,311,0,0
1674480982100,311,HomePage-0,302,Found,Thread Group 1-4,text,true,,219,118,5,5,http://blazedemo.com/,311,0,0
1674480982411,354,HomePage-1,200,OK,Thread Group 1-4,text,true,,4757,118,5,5,https://blazedemo.com/,345,0,0
1674480982066,703,LoginPage,200,OK,Thread Group 1-2,text,true,,5966,246,5,5,https://blazedemo.com/login,263,0,0
1674480982066,263,LoginPage-0,302,Found,Thread Group 1-2,text,true,,224,123,5,5,http://blazedemo.com/login,263,0,0
1674480982329,440,LoginPage-1,200,OK,Thread Group 1-2,text,true,,5742,123,5,5,https://blazedemo.com/login,437,0,0
1674480982448,707,HomePage,200,OK,Thread Group 1-5,text,true,,4976,236,5,5,https://blazedemo.com/,252,0,0
1674480982448,252,HomePage-0,302,Found,Thread Group 1-5,text,true,,219,118,5,5,http://blazedemo.com/,252,0,0
1674480982701,454,HomePage-1,200,OK,Thread Group 1-5,text,true,,4757,118,5,5,https://blazedemo.com/,450,0,0
1674480982662,765,LoginPage,200,OK,Thread Group 1-1,text,true,,5974,246,5,5,https://blazedemo.com/login,258,0,0
1674480982662,258,LoginPage-0,302,Found,Thread Group 1-1,text,true,,224,123,5,5,http://blazedemo.com/login,258,0,0
1674480982921,506,LoginPage-1,200,OK,Thread Group 1-1,text,true,,5750,123,5,5,https://blazedemo.com/login,503,0,0
1674480982596,872,LoginPage,200,OK,Thread Group 1-3,text,true,,5972,246,5,5,https://blazedemo.com/login,251,0,0
1674480982596,251,LoginPage-0,302,Found,Thread Group 1-3,text,true,,224,123,5,5,http://blazedemo.com/login,251,0,0
1674480982847,621,LoginPage-1,200,OK,Thread Group 1-3,text,true,,5748,123,5,5,https://blazedemo.com/login,612,0,0
1674480982766,1116,LoginPage,200,OK,Thread Group 1-4,text,true,,5972,246,5,5,https://blazedemo.com/login,316,0,0
1674480982766,316,LoginPage-0,302,Found,Thread Group 1-4,text,true,,224,123,5,5,http://blazedemo.com/login,316,0,0
1674480983082,800,LoginPage-1,200,OK,Thread Group 1-4,text,true,,5748,123,5,5,https://blazedemo.com/login,765,0,0
1674480983155,728,LoginPage,200,OK,Thread Group 1-5,text,true,,5970,246,5,5,https://blazedemo.com/login,263,0,0
1674480983155,263,LoginPage-0,302,Found,Thread Group 1-5,text,true,,224,123,5,5,http://blazedemo.com/login,263,0,0
1674480983418,465,LoginPage-1,200,OK,Thread Group 1-5,text,true,,5746,123,5,5,https://blazedemo.com/login,464,0,0
1674480982770,1213,RegisterPage,200,OK,Thread Group 1-2,text,true,,6571,252,5,5,https://blazedemo.com/register,752,0,0
1674480982770,752,RegisterPage-0,302,Found,Thread Group 1-2,text,true,,227,126,5,5,http://blazedemo.com/register,752,0,0
1674480983522,461,RegisterPage-1,200,OK,Thread Group 1-2,text,true,,6344,126,5,5,https://blazedemo.com/register,438,0,0
1674480983428,783,RegisterPage,200,OK,Thread Group 1-1,text,true,,6575,252,4,4,https://blazedemo.com/register,341,0,0
1674480983428,341,RegisterPage-0,302,Found,Thread Group 1-1,text,true,,227,126,4,4,http://blazedemo.com/register,341,0,0
1674480983769,442,RegisterPage-1,200,OK,Thread Group 1-1,text,true,,6348,126,4,4,https://blazedemo.com/register,430,0,0
1674480983469,796,RegisterPage,200,OK,Thread Group 1-3,text,true,,6569,252,3,3,https://blazedemo.com/register,261,0,0
1674480983469,261,RegisterPage-0,302,Found,Thread Group 1-3,text,true,,227,126,3,3,http://blazedemo.com/register,261,0,0
1674480983730,535,RegisterPage-1,200,OK,Thread Group 1-3,text,true,,6342,126,3,3,https://blazedemo.com/register,509,0,0
1674480983883,648,RegisterPage,200,OK,Thread Group 1-5,text,true,,6571,252,2,2,https://blazedemo.com/register,263,0,0
1674480983883,263,RegisterPage-0,302,Found,Thread Group 1-5,text,true,,227,126,2,2,http://blazedemo.com/register,263,0,0
1674480984146,385,RegisterPage-1,200,OK,Thread Group 1-5,text,true,,6344,126,2,2,https://blazedemo.com/register,358,0,0
1674480983883,677,RegisterPage,200,OK,Thread Group 1-4,text,true,,6575,252,1,1,https://blazedemo.com/register,260,0,0
1674480983883,260,RegisterPage-0,302,Found,Thread Group 1-4,text,true,,227,126,1,1,http://blazedemo.com/register,260,0,0
1674480984143,417,RegisterPage-1,200,OK,Thread Group 1-4,text,true,,6348,126,1,1,https://blazedemo.com/register,405,0,0
1674481278123,1519,HomePage,200,OK,Thread Group 1-1,text,true,,4976,236,5,5,https://blazedemo.com/,298,0,34
1674481278123,298,HomePage-0,302,Found,Thread Group 1-1,text,true,,219,118,5,5,http://blazedemo.com/,298,0,34
1674481278424,1218,HomePage-1,200,OK,Thread Group 1-1,text,true,,4757,118,5,5,https://blazedemo.com/,1217,0,697
1674481278435,1259,HomePage,200,OK,Thread Group 1-2,text,true,,4976,236,5,5,https://blazedemo.com/,621,0,265
1674481278435,621,HomePage-0,302,Found,Thread Group 1-2,text,true,,219,118,5,5,http://blazedemo.com/,621,0,265
1674481279058,636,HomePage-1,200,OK,Thread Group 1-2,text,true,,4757,118,5,5,https://blazedemo.com/,634,0,287
1674481279650,1667,LoginPage,200,OK,Thread Group 1-1,text,true,,5968,246,5,5,https://blazedemo.com/login,997,0,0
1674481279650,997,LoginPage-0,302,Found,Thread Group 1-1,text,true,,224,123,5,5,http://blazedemo.com/login,997,0,0
1674481280648,669,LoginPage-1,200,OK,Thread Group 1-1,text,true,,5744,123,5,5,https://blazedemo.com/login,653,0,0
1674481279695,1629,LoginPage,200,OK,Thread Group 1-2,text,true,,5970,246,5,5,https://blazedemo.com/login,952,0,0
1674481279695,952,LoginPage-0,302,Found,Thread Group 1-2,text,true,,224,123,5,5,http://blazedemo.com/login,952,0,0
1674481280648,676,LoginPage-1,200,OK,Thread Group 1-2,text,true,,5746,123,5,5,https://blazedemo.com/login,673,0,0
1674481279234,2525,HomePage,200,OK,Thread Group 1-4,text,true,,4976,236,5,5,https://blazedemo.com/,408,0,45
1674481279234,408,HomePage-0,302,Found,Thread Group 1-4,text,true,,219,118,5,5,http://blazedemo.com/,408,0,45
1674481279644,2115,HomePage-1,200,OK,Thread Group 1-4,text,true,,4757,118,5,5,https://blazedemo.com/,2108,0,1157
1674481279634,2144,HomePage,200,OK,Thread Group 1-5,text,true,,4976,236,5,5,https://blazedemo.com/,1013,0,27
1674481279634,1013,HomePage-0,302,Found,Thread Group 1-5,text,true,,219,118,5,5,http://blazedemo.com/,1013,0,27
1674481280649,1129,HomePage-1,200,OK,Thread Group 1-5,text,true,,4757,118,5,5,https://blazedemo.com/,1120,0,466
1674481278835,2964,HomePage,200,OK,Thread Group 1-3,text,true,,4976,236,5,5,https://blazedemo.com/,1812,0,218
1674481278835,1812,HomePage-0,302,Found,Thread Group 1-3,text,true,,219,118,5,5,http://blazedemo.com/,1812,0,218
1674481280649,1150,HomePage-1,200,OK,Thread Group 1-3,text,true,,4757,118,5,5,https://blazedemo.com/,1137,0,475
1674481281325,714,RegisterPage,200,OK,Thread Group 1-2,text,true,,6567,252,5,5,https://blazedemo.com/register,275,0,0
1674481281325,275,RegisterPage-0,302,Found,Thread Group 1-2,text,true,,227,126,5,5,http://blazedemo.com/register,275,0,0
1674481281600,439,RegisterPage-1,200,OK,Thread Group 1-2,text,true,,6340,126,5,5,https://blazedemo.com/register,427,0,0
1674481281318,748,RegisterPage,200,OK,Thread Group 1-1,text,true,,6571,252,5,5,https://blazedemo.com/register,282,0,0
1674481281318,282,RegisterPage-0,302,Found,Thread Group 1-1,text,true,,227,126,5,5,http://blazedemo.com/register,282,0,0
1674481281600,466,RegisterPage-1,200,OK,Thread Group 1-1,text,true,,6344,126,5,5,https://blazedemo.com/register,466,0,0
1674481281760,1002,LoginPage,200,OK,Thread Group 1-4,text,true,,5972,246,5,5,https://blazedemo.com/login,276,0,0
1674481281760,276,LoginPage-0,302,Found,Thread Group 1-4,text,true,,224,123,5,5,http://blazedemo.com/login,276,0,0
1674481282037,725,LoginPage-1,200,OK,Thread Group 1-4,text,true,,5748,123,5,5,https://blazedemo.com/login,724,0,0
1674481281800,1338,LoginPage,200,OK,Thread Group 1-3,text,true,,5964,246,5,5,https://blazedemo.com/login,958,0,0
1674481281800,958,LoginPage-0,302,Found,Thread Group 1-3,text,true,,224,123,5,5,http://blazedemo.com/login,958,0,0
1674481282759,379,LoginPage-1,200,OK,Thread Group 1-3,text,true,,5740,123,5,5,https://blazedemo.com/login,363,0,0
1674481282040,1200,HomePage,200,OK,Thread Group 1-2,text,true,,4976,236,5,5,https://blazedemo.com/,721,0,0
1674481282040,721,HomePage-0,302,Found,Thread Group 1-2,text,true,,219,118,5,5,http://blazedemo.com/,721,0,0
1674481282762,478,HomePage-1,200,OK,Thread Group 1-2,text,true,,4757,118,5,5,https://blazedemo.com/,478,0,0
1674481281779,1513,LoginPage,200,OK,Thread Group 1-5,text,true,,5968,246,5,5,https://blazedemo.com/login,980,0,0
1674481281779,980,LoginPage-0,302,Found,Thread Group 1-5,text,true,,224,123,5,5,http://blazedemo.com/login,980,0,0
1674481282759,533,LoginPage-1,200,OK,Thread Group 1-5,text,true,,5744,123,5,5,https://blazedemo.com/login,531,0,0
1674481282067,1229,HomePage,200,OK,Thread Group 1-1,text,true,,4976,236,5,5,https://blazedemo.com/,694,0,0
1674481282067,694,HomePage-0,302,Found,Thread Group 1-1,text,true,,219,118,5,5,http://blazedemo.com/,694,0,0
1674481282762,534,HomePage-1,200,OK,Thread Group 1-1,text,true,,4757,118,5,5,https://blazedemo.com/,531,0,0
1674481282763,645,RegisterPage,200,OK,Thread Group 1-4,text,true,,6569,252,5,5,https://blazedemo.com/register,264,0,0
1674481282763,264,RegisterPage-0,302,Found,Thread Group 1-4,text,true,,227,126,5,5,http://blazedemo.com/register,264,0,0
1674481283027,381,RegisterPage-1,200,OK,Thread Group 1-4,text,true,,6342,126,5,5,https://blazedemo.com/register,356,0,0
1674481283139,840,RegisterPage,200,OK,Thread Group 1-3,text,true,,6577,252,5,5,https://blazedemo.com/register,266,0,0
1674481283139,266,RegisterPage-0,302,Found,Thread Group 1-3,text,true,,227,126,5,5,http://blazedemo.com/register,266,0,0
1674481283406,573,RegisterPage-1,200,OK,Thread Group 1-3,text,true,,6350,126,5,5,https://blazedemo.com/register,569,0,0
1674481283241,847,LoginPage,200,OK,Thread Group 1-2,text,true,,5964,246,5,5,https://blazedemo.com/login,242,0,0
1674481283241,242,LoginPage-0,302,Found,Thread Group 1-2,text,true,,224,123,5,5,http://blazedemo.com/login,242,0,0
1674481283484,604,LoginPage-1,200,OK,Thread Group 1-2,text,true,,5740,123,5,5,https://blazedemo.com/login,603,0,0
1674481283293,824,RegisterPage,200,OK,Thread Group 1-5,text,true,,6573,252,5,5,https://blazedemo.com/register,339,0,0
1674481283293,339,RegisterPage-0,302,Found,Thread Group 1-5,text,true,,227,126,5,5,http://blazedemo.com/register,339,0,0
1674481283633,484,RegisterPage-1,200,OK,Thread Group 1-5,text,true,,6346,126,5,5,https://blazedemo.com/register,454,0,0
1674481283297,874,LoginPage,200,OK,Thread Group 1-1,text,true,,5972,246,5,5,https://blazedemo.com/login,274,0,0
1674481283297,274,LoginPage-0,302,Found,Thread Group 1-1,text,true,,224,123,5,5,http://blazedemo.com/login,274,0,0
1674481283571,600,LoginPage-1,200,OK,Thread Group 1-1,text,true,,5748,123,5,5,https://blazedemo.com/login,591,0,0
1674481283409,847,HomePage,200,OK,Thread Group 1-4,text,true,,4976,236,5,5,https://blazedemo.com/,298,0,0
1674481283409,298,HomePage-0,302,Found,Thread Group 1-4,text,true,,219,118,5,5,http://blazedemo.com/,298,0,0
1674481283707,549,HomePage-1,200,OK,Thread Group 1-4,text,true,,4757,118,5,5,https://blazedemo.com/,542,0,0
1674481283980,636,HomePage,200,OK,Thread Group 1-3,text,true,,4976,236,5,5,https://blazedemo.com/,261,0,0
1674481283980,261,HomePage-0,302,Found,Thread Group 1-3,text,true,,219,118,5,5,http://blazedemo.com/,261,0,0
1674481284241,375,HomePage-1,200,OK,Thread Group 1-3,text,true,,4757,118,5,5,https://blazedemo.com/,368,0,0
1674481284089,673,RegisterPage,200,OK,Thread Group 1-2,text,true,,6569,252,5,5,https://blazedemo.com/register,269,0,0
1674481284089,269,RegisterPage-0,302,Found,Thread Group 1-2,text,true,,227,126,5,5,http://blazedemo.com/register,269,0,0
1674481284359,403,RegisterPage-1,200,OK,Thread Group 1-2,text,true,,6342,126,5,5,https://blazedemo.com/register,379,0,0
1674481284118,724,HomePage,200,OK,Thread Group 1-5,text,true,,4976,236,4,4,https://blazedemo.com/,372,0,0
1674481284118,372,HomePage-0,302,Found,Thread Group 1-5,text,true,,219,118,4,4,http://blazedemo.com/,372,0,0
1674481284490,352,HomePage-1,200,OK,Thread Group 1-5,text,true,,4757,118,4,4,https://blazedemo.com/,349,0,0
1674481284172,673,RegisterPage,200,OK,Thread Group 1-1,text,true,,6575,252,4,4,https://blazedemo.com/register,257,0,0
1674481284172,257,RegisterPage-0,302,Found,Thread Group 1-1,text,true,,227,126,4,4,http://blazedemo.com/register,257,0,0
1674481284429,416,RegisterPage-1,200,OK,Thread Group 1-1,text,true,,6348,126,4,4,https://blazedemo.com/register,396,0,0
1674481284256,692,LoginPage,200,OK,Thread Group 1-4,text,true,,5970,246,3,3,https://blazedemo.com/login,263,0,0
1674481284256,263,LoginPage-0,302,Found,Thread Group 1-4,text,true,,224,123,3,3,http://blazedemo.com/login,263,0,0
1674481284519,429,LoginPage-1,200,OK,Thread Group 1-4,text,true,,5746,123,3,3,https://blazedemo.com/login,426,0,0
1674481284616,673,LoginPage,200,OK,Thread Group 1-3,text,true,,5970,246,3,3,https://blazedemo.com/login,276,0,0
1674481284616,276,LoginPage-0,302,Found,Thread Group 1-3,text,true,,224,123,3,3,http://blazedemo.com/login,276,0,0
1674481284892,397,LoginPage-1,200,OK,Thread Group 1-3,text,true,,5746,123,3,3,https://blazedemo.com/login,396,0,0
1674481284843,729,LoginPage,200,OK,Thread Group 1-5,text,true,,5966,246,3,3,https://blazedemo.com/login,297,0,0
1674481284843,297,LoginPage-0,302,Found,Thread Group 1-5,text,true,,224,123,3,3,http://blazedemo.com/login,297,0,0
1674481285140,432,LoginPage-1,200,OK,Thread Group 1-5,text,true,,5742,123,3,3,https://blazedemo.com/login,428,0,0
1674481284949,629,RegisterPage,200,OK,Thread Group 1-4,text,true,,6583,252,3,3,https://blazedemo.com/register,260,0,0
1674481284949,260,RegisterPage-0,302,Found,Thread Group 1-4,text,true,,227,126,3,3,http://blazedemo.com/register,260,0,0
1674481285209,369,RegisterPage-1,200,OK,Thread Group 1-4,text,true,,6356,126,3,3,https://blazedemo.com/register,356,0,0
1674481285290,663,RegisterPage,200,OK,Thread Group 1-3,text,true,,6563,252,2,2,https://blazedemo.com/register,272,0,0
1674481285290,272,RegisterPage-0,302,Found,Thread Group 1-3,text,true,,227,126,2,2,http://blazedemo.com/register,272,0,0
1674481285562,391,RegisterPage-1,200,OK,Thread Group 1-3,text,true,,6336,126,2,2,https://blazedemo.com/register,367,0,0
1674481285573,667,RegisterPage,200,OK,Thread Group 1-5,text,true,,6577,252,1,1,https://blazedemo.com/register,290,0,0
1674481285573,290,RegisterPage-0,302,Found,Thread Group 1-5,text,true,,227,126,1,1,http://blazedemo.com/register,290,0,0
1674481285863,377,RegisterPage-1,200,OK,Thread Group 1-5,text,true,,6350,126,1,1,https://blazedemo.com/register,371,0,0
1674540240051,902,HomePage,200,OK,Thread Group 1-1,text,true,,4976,236,3,3,https://blazedemo.com/,338,0,53
1674540240051,338,HomePage-0,302,Found,Thread Group 1-1,text,true,,219,118,3,3,http://blazedemo.com/,338,0,53
1674540240391,562,HomePage-1,200,OK,Thread Group 1-1,text,true,,4757,118,3,3,https://blazedemo.com/,559,0,224
1674540240375,1088,HomePage,200,OK,Thread Group 1-2,text,true,,4976,236,4,4,https://blazedemo.com/,406,0,20
1674540240375,406,HomePage-0,302,Found,Thread Group 1-2,text,true,,219,118,4,4,http://blazedemo.com/,406,0,20
1674540240782,681,HomePage-1,200,OK,Thread Group 1-2,text,true,,4757,118,4,4,https://blazedemo.com/,680,0,269
1674540240954,815,LoginPage,200,OK,Thread Group 1-1,text,true,,5966,246,5,5,https://blazedemo.com/login,278,0,0
1674540240954,278,LoginPage-0,302,Found,Thread Group 1-1,text,true,,224,123,5,5,http://blazedemo.com/login,278,0,0
1674540241232,537,LoginPage-1,200,OK,Thread Group 1-1,text,true,,5742,123,5,5,https://blazedemo.com/login,537,0,0
1674540240774,999,HomePage,200,OK,Thread Group 1-3,text,true,,4976,236,5,5,https://blazedemo.com/,277,0,21
1674540240774,277,HomePage-0,302,Found,Thread Group 1-3,text,true,,219,118,5,5,http://blazedemo.com/,277,0,21
1674540241052,721,HomePage-1,200,OK,Thread Group 1-3,text,true,,4757,118,5,5,https://blazedemo.com/,720,0,307
1674540241175,938,HomePage,200,OK,Thread Group 1-4,text,true,,4976,236,5,5,https://blazedemo.com/,287,0,22
1674540241175,287,HomePage-0,302,Found,Thread Group 1-4,text,true,,219,118,5,5,http://blazedemo.com/,287,0,22
1674540241463,650,HomePage-1,200,OK,Thread Group 1-4,text,true,,4757,118,5,5,https://blazedemo.com/,649,0,173
1674540241464,657,LoginPage,200,OK,Thread Group 1-2,text,true,,5966,246,5,5,https://blazedemo.com/login,308,0,0
1674540241464,308,LoginPage-0,302,Found,Thread Group 1-2,text,true,,224,123,5,5,http://blazedemo.com/login,308,0,0
1674540241772,349,LoginPage-1,200,OK,Thread Group 1-2,text,true,,5742,123,5,5,https://blazedemo.com/login,343,0,0
1674540241770,762,RegisterPage,200,OK,Thread Group 1-1,text,true,,6571,252,5,5,https://blazedemo.com/register,342,0,0
1674540241770,342,RegisterPage-0,302,Found,Thread Group 1-1,text,true,,227,126,5,5,http://blazedemo.com/register,342,0,0
1674540242113,419,RegisterPage-1,200,OK,Thread Group 1-1,text,true,,6344,126,5,5,https://blazedemo.com/register,405,0,0
1674540241774,812,LoginPage,200,OK,Thread Group 1-3,text,true,,5960,246,5,5,https://blazedemo.com/login,338,0,0
1674540241774,338,LoginPage-0,302,Found,Thread Group 1-3,text,true,,224,123,5,5,http://blazedemo.com/login,338,0,0
1674540242112,474,LoginPage-1,200,OK,Thread Group 1-3,text,true,,5736,123,5,5,https://blazedemo.com/login,464,0,0
1674540241575,1074,HomePage,200,OK,Thread Group 1-5,text,true,,4976,236,5,5,https://blazedemo.com/,274,0,25
1674540241575,274,HomePage-0,302,Found,Thread Group 1-5,text,true,,219,118,5,5,http://blazedemo.com/,274,0,25
1674540241851,798,HomePage-1,200,OK,Thread Group 1-5,text,true,,4757,118,5,5,https://blazedemo.com/,792,0,325
1674540242114,669,LoginPage,200,OK,Thread Group 1-4,text,true,,5964,246,5,5,https://blazedemo.com/login,261,0,0
1674540242114,261,LoginPage-0,302,Found,Thread Group 1-4,text,true,,224,123,5,5,http://blazedemo.com/login,261,0,0
1674540242375,408,LoginPage-1,200,OK,Thread Group 1-4,text,true,,5740,123,5,5,https://blazedemo.com/login,392,0,0
1674540242122,672,RegisterPage,200,OK,Thread Group 1-2,text,true,,6573,252,5,5,https://blazedemo.com/register,253,0,0
1674540242122,253,RegisterPage-0,302,Found,Thread Group 1-2,text,true,,227,126,5,5,http://blazedemo.com/register,253,0,0
1674540242375,419,RegisterPage-1,200,OK,Thread Group 1-2,text,true,,6346,126,5,5,https://blazedemo.com/register,409,0,0
1674540242533,672,HomePage,200,OK,Thread Group 1-1,text,true,,4976,236,5,5,https://blazedemo.com/,260,0,0
1674540242533,260,HomePage-0,302,Found,Thread Group 1-1,text,true,,219,118,5,5,http://blazedemo.com/,260,0,0
1674540242794,411,HomePage-1,200,OK,Thread Group 1-1,text,true,,4757,118,5,5,https://blazedemo.com/,398,0,0
1674540242586,648,RegisterPage,200,OK,Thread Group 1-3,text,true,,6571,252,5,5,https://blazedemo.com/register,259,0,0
1674540242586,259,RegisterPage-0,302,Found,Thread Group 1-3,text,true,,227,126,5,5,http://blazedemo.com/register,259,0,0
1674540242846,388,RegisterPage-1,200,OK,Thread Group 1-3,text,true,,6344,126,5,5,https://blazedemo.com/register,375,0,0
1674540242650,629,LoginPage,200,OK,Thread Group 1-5,text,true,,5970,246,5,5,https://blazedemo.com/login,267,0,0
1674540242650,267,LoginPage-0,302,Found,Thread Group 1-5,text,true,,224,123,5,5,http://blazedemo.com/login,267,0,0
1674540242917,362,LoginPage-1,200,OK,Thread Group 1-5,text,true,,5746,123,5,5,https://blazedemo.com/login,352,0,0
1674540242795,587,HomePage,200,OK,Thread Group 1-2,text,true,,4976,236,5,5,https://blazedemo.com/,249,0,0
1674540242795,249,HomePage-0,302,Found,Thread Group 1-2,text,true,,219,118,5,5,http://blazedemo.com/,249,0,0
1674540243044,338,HomePage-1,200,OK,Thread Group 1-2,text,true,,4757,118,5,5,https://blazedemo.com/,332,0,0
1674540242784,679,RegisterPage,200,OK,Thread Group 1-4,text,true,,6573,252,5,5,https://blazedemo.com/register,251,0,0
1674540242784,251,RegisterPage-0,302,Found,Thread Group 1-4,text,true,,227,126,5,5,http://blazedemo.com/register,251,0,0
1674540243035,428,RegisterPage-1,200,OK,Thread Group 1-4,text,true,,6346,126,5,5,https://blazedemo.com/register,415,0,0
1674540243234,581,HomePage,200,OK,Thread Group 1-3,text,true,,4976,236,5,5,https://blazedemo.com/,250,0,0
1674540243234,250,HomePage-0,302,Found,Thread Group 1-3,text,true,,219,118,5,5,http://blazedemo.com/,250,0,0
1674540243484,331,HomePage-1,200,OK,Thread Group 1-3,text,true,,4757,118,5,5,https://blazedemo.com/,331,0,0
1674540243205,622,LoginPage,200,OK,Thread Group 1-1,text,true,,5970,246,5,5,https://blazedemo.com/login,255,0,0
1674540243205,255,LoginPage-0,302,Found,Thread Group 1-1,text,true,,224,123,5,5,http://blazedemo.com/login,255,0,0
1674540243460,367,LoginPage-1,200,OK,Thread Group 1-1,text,true,,5746,123,5,5,https://blazedemo.com/login,361,0,0
1674540243280,616,RegisterPage,200,OK,Thread Group 1-5,text,true,,6569,252,5,5,https://blazedemo.com/register,249,0,0
1674540243280,249,RegisterPage-0,302,Found,Thread Group 1-5,text,true,,227,126,5,5,http://blazedemo.com/register,249,0,0
1674540243529,367,RegisterPage-1,200,OK,Thread Group 1-5,text,true,,6342,126,5,5,https://blazedemo.com/register,344,0,0
1674540243463,639,HomePage,200,OK,Thread Group 1-4,text,true,,4976,236,5,5,https://blazedemo.com/,253,0,0
1674540243463,253,HomePage-0,302,Found,Thread Group 1-4,text,true,,219,118,5,5,http://blazedemo.com/,253,0,0
1674540243716,386,HomePage-1,200,OK,Thread Group 1-4,text,true,,4757,118,5,5,https://blazedemo.com/,379,0,0
1674540243382,768,LoginPage,200,OK,Thread Group 1-2,text,true,,5958,246,5,5,https://blazedemo.com/login,307,0,0
1674540243382,307,LoginPage-0,302,Found,Thread Group 1-2,text,true,,224,123,5,5,http://blazedemo.com/login,307,0,0
1674540243689,461,LoginPage-1,200,OK,Thread Group 1-2,text,true,,5734,123,5,5,https://blazedemo.com/login,461,0,0
1674540243828,610,RegisterPage,200,OK,Thread Group 1-1,text,true,,6571,252,5,5,https://blazedemo.com/register,258,0,0
1674540243828,258,RegisterPage-0,302,Found,Thread Group 1-1,text,true,,227,126,5,5,http://blazedemo.com/register,258,0,0
1674540244086,352,RegisterPage-1,200,OK,Thread Group 1-1,text,true,,6344,126,5,5,https://blazedemo.com/register,349,0,0
1674540243816,640,LoginPage,200,OK,Thread Group 1-3,text,true,,5964,246,4,4,https://blazedemo.com/login,270,0,0
1674540243816,270,LoginPage-0,302,Found,Thread Group 1-3,text,true,,224,123,4,4,http://blazedemo.com/login,270,0,0
1674540244086,370,LoginPage-1,200,OK,Thread Group 1-3,text,true,,5740,123,4,4,https://blazedemo.com/login,359,0,0
1674540243897,583,HomePage,200,OK,Thread Group 1-5,text,true,,4976,236,4,4,https://blazedemo.com/,243,0,0
1674540243897,243,HomePage-0,302,Found,Thread Group 1-5,text,true,,219,118,4,4,http://blazedemo.com/,243,0,0
1674540244140,340,HomePage-1,200,OK,Thread Group 1-5,text,true,,4757,118,4,4,https://blazedemo.com/,337,0,0
1674540244102,635,LoginPage,200,OK,Thread Group 1-4,text,true,,5974,246,4,4,https://blazedemo.com/login,280,0,0
1674540244102,280,LoginPage-0,302,Found,Thread Group 1-4,text,true,,224,123,4,4,http://blazedemo.com/login,280,0,0
1674540244382,355,LoginPage-1,200,OK,Thread Group 1-4,text,true,,5750,123,4,4,https://blazedemo.com/login,354,0,0
1674540244151,773,RegisterPage,200,OK,Thread Group 1-2,text,true,,6573,252,4,4,https://blazedemo.com/register,240,0,0
1674540244151,240,RegisterPage-0,302,Found,Thread Group 1-2,text,true,,227,126,4,4,http://blazedemo.com/register,240,0,0
1674540244391,533,RegisterPage-1,200,OK,Thread Group 1-2,text,true,,6346,126,4,4,https://blazedemo.com/register,528,0,0
1674540244456,658,RegisterPage,200,OK,Thread Group 1-3,text,true,,6575,252,3,3,https://blazedemo.com/register,266,0,0
1674540244456,266,RegisterPage-0,302,Found,Thread Group 1-3,text,true,,227,126,3,3,http://blazedemo.com/register,266,0,0
1674540244722,392,RegisterPage-1,200,OK,Thread Group 1-3,text,true,,6348,126,3,3,https://blazedemo.com/register,369,0,0
1674540244481,767,LoginPage,200,OK,Thread Group 1-5,text,true,,5962,246,2,2,https://blazedemo.com/login,255,0,0
1674540244481,255,LoginPage-0,302,Found,Thread Group 1-5,text,true,,224,123,2,2,http://blazedemo.com/login,255,0,0
1674540244736,512,LoginPage-1,200,OK,Thread Group 1-5,text,true,,5738,123,2,2,https://blazedemo.com/login,503,0,0
1674540244745,646,RegisterPage,200,OK,Thread Group 1-4,text,true,,6573,252,2,2,https://blazedemo.com/register,246,0,0
1674540244745,246,RegisterPage-0,302,Found,Thread Group 1-4,text,true,,227,126,2,2,http://blazedemo.com/register,246,0,0
1674540244992,399,RegisterPage-1,200,OK,Thread Group 1-4,text,true,,6346,126,2,2,https://blazedemo.com/register,378,0,0
1674540245249,626,RegisterPage,200,OK,Thread Group 1-5,text,true,,6573,252,1,1,https://blazedemo.com/register,260,0,0
1674540245249,260,RegisterPage-0,302,Found,Thread Group 1-5,text,true,,227,126,1,1,http://blazedemo.com/register,260,0,0
1674540245510,365,RegisterPage-1,200,OK,Thread Group 1-5,text,true,,6346,126,1,1,https://blazedemo.com/register,344,0,0
